연번,해수욕장명,관리청,시도 주소,시군구 주소,읍면동 주소,이하 주소,개장일,폐장일,주요행사1,주요행사2,주요행사3,주요행사4,주요행사5,주요행사6,주요행사7,주요행사8,홈페이지,연락처
1,해운대,해운대구,부산광역시,해운대구,우1동,620-3,06-01,08-31,개장식(6.1),부산국제무용제(6.7~6.9),해비시 극장(6월~9월),달빛바다소극장(7.26~8.11),부산바다축제(8.1~8.5),코스프레페스티벌(8월),하와이안페스티벌(8.31~9.1),-,http://sunnfun.haeundae.go.kr,051-749-7612
2, 송정,해운대구,부산광역시,해운대구,송정동,-,06-01,08-31,개장식(6.1),송정 별바다 과학 축제(6.14~6.16),송정해변축제(8.3~8.4),-,-,-,-,-,http://sunnfun.haeundae.go.kr,051-749-7612
3,송도,서구,부산광역시,서구,암남동,-,06-01,08-31,송도 청소년 스포츠 대회(6.8),송도 페스티벌(7월 말~8월 초),송도 여름바다축제 및 현인가요제(8.2~8.4),-,-,-,-,-,http://www.bsseogu.go.kr/,051-240-4126
4,다대포,사하구,부산광역시,사하구,다대동,-,07-01,08-31,워터락콘서트(7.1~8.25),다대포해변가요제(7.27),7080가족사랑콘서트(8월),제16회 청소년 바다축제(8.4),-,-,-,-,http://www.saha.go.kr/tour/contents.do?mId=0101030000,051-220-4161
5,광안리,수영구,부산광역시,수영구,광안2동,-,07-01,08-31,광대연극제(8월 중순),SUP WEEK(8.26~9.1),해양스포츠 운영(7~8월),부산물총축제(8월중순),We Love 광안리음악회(7.26),달빛수영&아랏길 축제(8월말),어린이 조개잡이체험(7월말),수영구 어린이 워터파크운영(6월말~8.31(월요일미운영)),http://www.suyeong.go.kr/gwangalli/main.asp,051-610-4744
6,일광,기장군,부산광역시,기장군,일광면,-,07-01,08-31,제17회 일광낭만가요제 (7.31~8.1),제23회 기장갯마을축제 (8.2~8.4),-,-,-,-,-,-,http://www.gijang.go.kr/tour/board/view.gijang?boardId=BBS_0000018&menuCd=DOM_000000201001000000&startPage=1&categoryCode1=B001&categoryCode2=B001002&dataSid=72,051-709-4421
7,임랑,기장군,부산광역시,기장군,장안읍,-,07-01,08-31,기장임랑썸머뮤직페스티벌 (8월중),-,-,-,-,-,-,-,http://www.gijang.go.kr/tour/board/view.gijang?boardId=BBS_0000018&menuCd=DOM_000000201001000000&startPage=1&categoryCode1=B001&categoryCode2=B001002&dataSid=77,051-709-4421
8,을왕리,중구,인천광역시,중구,을왕동,-,07-01,08-31,버스킹(7월),-,-,-,-,-,-,-,-,032-760-8958
9,왕산,중구,인천광역시,중구,무의동,-,07-01,08-31,-,-,-,-,-,-,-,-,-,032-760-8958
10,하나개,중구,인천광역시,중구,무의동,-,07-01,08-31,-,-,-,-,-,-,-,-,-,032-760-8958
11,옹암,옹진군,인천광역시,옹진군,북도면,장봉리,미정(작년기준 7.15),미정(작년기준 8.26),-,-,-,-,-,-,-,-,-,032-233-2255
12,수기,옹진군,인천광역시,옹진군,북도면,시도리,미정(작년기준 7.15),미정(작년기준 8.26),-,-,-,-,-,-,-,-,-,032-233-2255
13,서포리,옹진군,인천광역시,옹진군,덕적면,-,미정(작년기준 7.15),미정(작년기준 8.26),-,-,-,-,-,-,-,-,-,032-233-2255
14,때뿌루,옹진군,인천광역시,옹진군,덕적면,소야리,미정(작년기준 7.15),미정(작년기준 8.26),-,-,-,-,-,-,-,-,-,032-233-2255
15,장 골,옹진군,인천광역시,옹진군,자월면,자월리,미정(작년기준 7.15),미정(작년기준 8.26),-,-,-,-,-,-,-,-,-,032-233-2255
16,이일레,옹진군,인천광역시,옹진군,자월면,승봉리,미정(작년기준 7.15),미정(작년기준 8.26),-,-,-,-,-,-,-,-,-,032-233-2255
17,십리포,옹진군,인천광역시,옹진군,영흥면,내리 734,미정(작년기준 6.23),미정(작년기준 8.26),-,-,-,-,-,-,-,-,-,032-233-2255
18,장경리,옹진군,인천광역시,옹진군,영흥면,내리,미정(작년기준 6.23),미정(작년기준 8.26),-,-,-,-,-,-,-,-,-,032-233-2255
19,일산,동구,울산광역시,동구,일산동,-,07-01,08-26,조선해양축제(7.19~7.21),일산상설무대(7.26~8.10),상설체험이벤트(7~8월중),-,-,-,-,-,http://www.donggu.ulsan.kr/tour,052-209-3363
20,진하,울주군,울산광역시,울주군,서생면,진하리,07-01,08-31,2019년 진하해수욕장 개장식(7.5),울산서머페스티벌(7월),2019 진하해변축제(8월),-,-,-,-,-,http://tour.ulju.ulsan.kr,052-204-0333
21,경포,강릉시,강원도,강릉시,안현동,-,07-05,08-18,국제청소년 예술축전(7.25~7.28),경포썸머페스티(7.29~8.4),공군 블랙이글 에어쇼(8.3),-,-,-,-,-,http://www.gn.go.kr/tour ,033-640-5426
22,주문진,강릉시,강원도,강릉시,주문진읍,향호리,07-05,08-18,"주문진해변축제(7.27~7.28.,예정)",-,-,-,-,-,-,-,http://www.gn.go.kr/tour ,033-640-5426
23,옥계,강릉시,강원도,강릉시,옥계면,금진리 산105-10,07-05,08-18,-,-,-,-,-,-,-,-,http://www.gn.go.kr/tour ,033-640-5426
24,정동진,강릉시,강원도,강릉시,강동면,정동진리,07-05,08-18,-,-,-,-,-,-,-,-,http://www.gn.go.kr/tour ,033-640-5426
25,사근진,강릉시,강원도,강릉시,안현동,해안로604번길 16,07-05,08-18,-,-,-,-,-,-,-,-,http://www.gn.go.kr/tour ,033-640-5426
26,강문,강릉시,강원도,강릉시,강문동,-,07-05,08-18,-,-,-,-,-,-,-,-,http://www.gn.go.kr/tour ,033-640-5426
27,송정,강릉시,강원도,강릉시,송정동,-,07-05,08-18,-,-,-,-,-,-,-,-,http://www.gn.go.kr/tour ,033-640-5426
28,안목,강릉시,강원도,강릉시,견소동,창해로14번길 20-1,07-05,08-18,-,-,-,-,-,-,-,-,http://www.gn.go.kr/tour ,033-640-5426
29,사천진,강릉시,강원도,강릉시,사천면,사천진리,07-05,08-18,-,-,-,-,-,-,-,-,http://www.gn.go.kr/tour ,033-640-5426
30,연곡,강릉시,강원도,강릉시,연곡면,동덕리 142-1,07-05,08-18,-,-,-,-,-,-,-,-,http://www.gn.go.kr/tour ,033-640-5426
31,영진,강릉시,강원도,강릉시,연곡면,-,07-05,08-18,-,-,-,-,-,-,-,-,http://www.gn.go.kr/tour ,033-640-5426
32,하평,강릉시,강원도,강릉시,사천면,사천진리,07-05,08-18,-,-,-,-,-,-,-,-,http://www.gn.go.kr/tour ,033-640-5426
33,사천,강릉시,강원도,강릉시,사천면,-,07-05,08-18,-,-,-,-,-,-,-,-,http://www.gn.go.kr/tour ,033-640-5426
34,순긋,강릉시,강원도,강릉시,안현동,-,07-05,08-18,-,-,-,-,-,-,-,-,http://www.gn.go.kr/tour ,033-640-5426
35,남항진,강릉시,강원도,강릉시,남항진동,-,07-05,08-18,남항진해변축제(8월 예정),-,-,-,-,-,-,-,http://www.gn.go.kr/tour ,033-640-5426
36,염전,강릉시,강원도,강릉시,강동면,안인리,07-05,08-18,-,-,-,-,-,-,-,-,http://www.gn.go.kr/tour ,033-640-5426
37,안인,강릉시,강원도,강릉시,강동면,안인리,07-05,08-18,연꽃축제 (7.26~7.29),-,-,-,-,-,-,-,http://www.gn.go.kr/tour ,033-640-5426
38,등명,강릉시,강원도,강릉시,강동면,-,07-05,08-18,-,-,-,-,-,-,-,-,http://www.gn.go.kr/tour ,033-640-5426
39,금진,강릉시,강원도,강릉시,옥계면,금진리,07-05,08-18,-,-,-,-,-,-,-,-,http://www.gn.go.kr/tour ,033-640-5426
40,도직,강릉시,강원도,강릉시,옥계면,도직리,07-05,08-18,-,-,-,-,-,-,-,-,http://www.gn.go.kr/tour ,033-640-5426
41,망상,동해시,강원도,동해시,망상동,393-16,07-01,08-18,그린플러그드 동해 2019(7.20~7.21),망상해변 문화행사(8.2~8.4),스파르탄레이스코리아 동해대회(7.13),전국비치발리볼대회(7.17~7.28) ,전국대학복싱선수권대회(8.2~8.4),생활체육복싱 토너먼트(8.2~8.4),-,-,http://www.dh.go.kr,033-539-8773
42,망상리조트,동해시,강원도,동해시,망상동,-,07-01,08-18,-,-,-,-,-,-,-,-,http://www.dh.go.kr,033-539-8773
43,추암,동해시,강원도,동해시,북평동,-,07-01,08-18,-,-,-,-,-,-,-,-,http://www.dh.go.kr,033-539-8773
44,노봉,동해시,강원도,동해시,망상동,-,07-01,08-18,소규모 마을단위 해변축제 개최,-,-,-,-,-,-,-,http://www.dh.go.kr,033-539-8773
45,대진,동해시,강원도,동해시,대진동,204-7,07-01,08-18,소규모 마을단위 해변축제 개최,-,-,-,-,-,-,-,http://www.dh.go.kr,033-539-8773
46,어달,동해시,강원도,동해시,어달동,-,07-01,08-18,소규모 마을단위 해변축제 개최,-,-,-,-,-,-,-,http://www.dh.go.kr,033-539-8773
47,속초 ,속초시,강원도,속초시,조양동,-,07-05,08-18,속초 비치 페스티벌/속초수제맥주축제(8.1~8.5),-,-,-,-,-,-,-,http://www.sokchotour.com,033-639-2027
48,외옹치,속초시,강원도,속초시,대포동,-,07-05,08-18,-,-,-,-,-,-,-,-,http://www.sokchotour.com,033-639-2027
49,등대,속초시,강원도,속초시,영랑동,-,07-05,08-18,-,-,-,-,-,-,-,-,http://www.sokchotour.com,033-639-2027
50,삼척,삼척시,강원도,삼척시,교동,-,07-12,08-18,2019 삼척비치썸 페스티벌 (7.26 ~7.28),-,-,-,-,-,-,-,http://www.samcheok.go.kr,033-570-3843
51,맹방,삼척시,강원도,삼척시,근덕면,-,07-12,08-18,2019 바캉스페스티벌(비치런) (8.2~8.4),-,-,-,-,-,-,-,http://www.samcheok.go.kr,033-570-3843
52,증산,삼척시,강원도,삼척시,증산동,-,07-12,08-18,-,-,-,-,-,-,-,-,http://www.samcheok.go.kr,033-570-3843
53,작은후진,삼척시,강원도,삼척시,교동,새천년도로 467,07-12,08-18,-,-,-,-,-,-,-,-,http://www.samcheok.go.kr,033-570-3843
54,한재밑,삼척시,강원도,삼척시,근덕면,삼척로 3840,07-12,08-18,-,-,-,-,-,-,-,-,http://www.samcheok.go.kr,033-570-3843
55,상맹방,삼척시,강원도,삼척시,근덕면,상맹방리  ,07-12,08-18,-,-,-,-,-,-,-,-,http://www.samcheok.go.kr,033-570-3843
56,하맹방,삼척시,강원도,삼척시,근덕면,하맹방리,07-12,08-18,"2019 조개잡이 축제 (8월중, 1일간)",-,-,-,-,-,-,-,http://www.samcheok.go.kr,033-570-3843
57,덕산,삼척시,강원도,삼척시,근덕면,-,07-12,08-18,"해변 파도가요제 (8월중, 1일간)",-,-,-,-,-,-,-,http://www.samcheok.go.kr,033-570-3843
58,궁촌,삼척시,강원도,삼척시,근덕면,궁촌리,07-12,08-18,-,-,-,-,-,-,-,-,http://www.samcheok.go.kr,033-570-3843
59,원평,삼척시,강원도,삼척시,근덕면,매원리,07-12,08-18,2019 쌍용자동차 하계휴양소운영 패밀리썸머 페스티벌(8.5~8.8),-,-,-,-,-,-,-,http://www.samcheok.go.kr,033-570-3843
60,문암,삼척시,강원도,삼척시,근덕면,-,07-12,08-18,-,-,-,-,-,-,-,-,http://www.samcheok.go.kr,033-570-3843
61,용화,삼척시,강원도,삼척시,근덕면,-,07-12,08-18,-,-,-,-,-,-,-,-,http://www.samcheok.go.kr,033-570-3843
62,장호,삼척시,강원도,삼척시,근덕면,-,07-12,08-18,-,-,-,-,-,-,-,-,http://www.samcheok.go.kr,033-570-3843
63,임원,삼척시,강원도,삼척시,원덕읍,임원리,07-12,08-18,-,-,-,-,-,-,-,-,http://www.samcheok.go.kr,033-570-3843
64,오분,삼척시,강원도,삼척시,오분동,-,07-12,08-18,-,-,-,-,-,-,-,-,http://www.samcheok.go.kr,033-570-3843
65,부남,삼척시,강원도,삼척시,근덕면,부남리,07-12,08-18,-,-,-,-,-,-,-,-,http://www.samcheok.go.kr,033-570-3843
66,송지호,고성군,강원도,고성군,죽왕면,-,07-12,08-18,오징어맨손잡기행사(8.3~8.4),-,-,-,-,-,-,-,https://www.gwgs.go.kr,033-680-3356
67,송지호오토캠핑장,고성군,강원도,고성군,죽왕면,동해대로 6090,07-12,08-18,-,-,-,-,-,-,-,-,https://www.gwgs.go.kr,033-680-3356
68,봉수대,고성군,강원도,고성군,죽왕면,-,07-12,08-18,-,-,-,-,-,-,-,-,https://www.gwgs.go.kr,033-680-3356
69,화진포,고성군,강원도,고성군,현내면,초도리 99,07-12,08-18,바다낚시 등 체험행사(8.3~8.10),"노래자랑,보물찾기행사(7.27~8.5)",-,-,-,-,-,-,https://www.gwgs.go.kr,033-680-3356
70,삼포,고성군,강원도,고성군,죽왕면,삼포리 1-1,07-12,08-18,미드나잇서핑&뮤직축제(7.12~7.14),-,-,-,-,-,-,-,https://www.gwgs.go.kr,033-680-3356
71,백도,고성군,강원도,고성군,죽왕면,문암진리,07-12,08-18,"가리비, 보물찾기행사(8.1)",-,-,-,-,-,-,-,https://www.gwgs.go.kr,033-680-3356
72,명파,고성군,강원도,고성군,현내면,-,07-12,08-18,-,-,-,-,-,-,-,-,https://www.gwgs.go.kr,033-680-3356
73,마차진,고성군,강원도,고성군,현내면,마차진리,07-12,08-18,-,-,-,-,-,-,-,-,https://www.gwgs.go.kr,033-680-3356
74,대진1리,고성군,강원도,고성군,현내면,배봉리,07-12,08-18,-,-,-,-,-,-,-,-,https://www.gwgs.go.kr,033-680-3356
75,대진5리,고성군,강원도,고성군,현내면,대진리,07-12,08-18,-,-,-,-,-,-,-,-,https://www.gwgs.go.kr,033-680-3356
76,초도,고성군,강원도,고성군,현내면,초도리,07-12,08-18,-,-,-,-,-,-,-,-,https://www.gwgs.go.kr,033-680-3356
77,거진1리,고성군,강원도,고성군,거진읍,거탄진로,07-12,08-18,-,-,-,-,-,-,-,-,https://www.gwgs.go.kr,033-680-3356
78,거진11리,고성군,강원도,고성군,거진읍,거진항길,07-12,08-18,-,-,-,-,-,-,-,-,https://www.gwgs.go.kr,033-680-3356
79,반암,고성군,강원도,고성군,거진읍,반암리,07-12,08-18,-,-,-,-,-,-,-,-,https://www.gwgs.go.kr,033-680-3356
80,가진,고성군,강원도,고성군,죽왕면,-,07-12,08-18,-,-,-,-,-,-,-,-,https://www.gwgs.go.kr,033-680-3356
81,공현진1리,고성군,강원도,고성군,죽왕면,공현진리,07-12,08-18,-,-,-,-,-,-,-,-,https://www.gwgs.go.kr,033-680-3356
82,공형진2리,고성군,강원도,고성군,죽왕면,공현진리,07-12,08-18,-,-,-,-,-,-,-,-,https://www.gwgs.go.kr,033-680-3356
83,삼포2리,고성군,강원도,고성군,죽왕면,삼포리,07-12,08-18,-,-,-,-,-,-,-,-,https://www.gwgs.go.kr,033-680-3356
84,자작도,고성군,강원도,고성군,죽왕면,-,07-12,08-18,-,-,-,-,-,-,-,-,https://www.gwgs.go.kr,033-680-3356
85,문암2리,고성군,강원도,고성군,죽왕면,문암진리,07-12,08-18,-,-,-,-,-,-,-,-,https://www.gwgs.go.kr,033-680-3356
86,교암,고성군,강원도,고성군,토성면,교암리,07-12,08-18,-,-,-,-,-,-,-,-,https://www.gwgs.go.kr,033-680-3356
87,아야진,고성군,강원도,고성군,토성면,-,07-12,08-18,가리비맨손잡기행사(8.3~8.4),-,-,-,-,-,-,-,https://www.gwgs.go.kr,033-680-3356
88,청간,고성군,강원도,고성군,토성면,청간리,07-12,08-18,-,-,-,-,-,-,-,-,https://www.gwgs.go.kr,033-680-3356
89,천진,고성군,강원도,고성군,토성면,천진리,07-12,08-18,오징어맨손잡기행사(8.10),-,-,-,-,-,-,-,https://www.gwgs.go.kr,033-680-3356
90,봉포,고성군,강원도,고성군,토성면,-,07-12,08-18,"오징어,조개맨손잡기행사(8.4)",-,-,-,-,-,-,-,https://www.gwgs.go.kr,033-680-3356
91,캔싱턴리조트,고성군,강원도,고성군,토성면,봉포리 40-9,07-12,08-18,-,-,-,-,-,-,-,-,https://www.gwgs.go.kr,033-680-3356
92,화진포콘도,고성군,강원도,고성군,거진읍,화포리 596,07-12,08-18,-,-,-,-,-,-,-,-,https://www.gwgs.go.kr,033-680-3356
93,낙산,양양군,강원도,양양군,강현면,해맞이길 59,07-12,08-25,낙산비치 페스티벌,-,-,-,-,-,-,-,www.yangyang.go.kr,033-670-2787
94,물치,양양군,강원도,양양군,강현면,정암리,07-12,08-25,-,-,-,-,-,-,-,-,www.yangyang.go.kr,033-670-2787
95,정암,양양군,강원도,양양군,강현면,정암리,07-12,08-25,조개잡이 축제,-,-,-,-,-,-,-,www.yangyang.go.kr,033-670-2787
96,설악,양양군,강원도,양양군,강현면,-,07-12,08-25,-,-,-,-,-,-,-,-,www.yangyang.go.kr,033-670-2787
97,오산,양양군,강원도,양양군,손양면,-,07-12,08-25,-,-,-,-,-,-,-,-,www.yangyang.go.kr,033-670-2787
98,동호,양양군,강원도,양양군,손양면,-,07-12,08-25,-,-,-,-,-,-,-,-,www.yangyang.go.kr,033-670-2787
99,하조대,양양군,강원도,양양군,현북면 ,하광정리,07-12,08-25,하조대 비치 페스티벌 어부체험행사,SH수협은행 사랑海 썸머페스티벌,-,-,-,-,-,-,www.yangyang.go.kr,033-670-2787
100,중광정,양양군,강원도,양양군,현북면 ,중광정리 508,07-12,08-25,-,-,-,-,-,-,-,-,www.yangyang.go.kr,033-670-2787
101,38(기사문),양양군,강원도,양양군,현북면 ,기사문리,07-12,08-25,-,-,-,-,-,-,-,-,www.yangyang.go.kr,033-670-2787
102,잔교,양양군,강원도,양양군,현북면 ,잔교리,07-12,08-25,쟁기동38평화마을 여름축제,-,-,-,-,-,-,-,www.yangyang.go.kr,033-670-2787
103,북분,양양군,강원도,양양군,현남면,창리,07-12,08-25,북분리여름축제,-,-,-,-,-,-,-,www.yangyang.go.kr,033-670-2787
104,동산,양양군,강원도,양양군,현남면,동산리,07-12,08-25,-,-,-,-,-,-,-,-,www.yangyang.go.kr,033-670-2787
105,동산포,양양군,강원도,양양군,현남면,동산리,07-12,08-25,-,-,-,-,-,-,-,-,www.yangyang.go.kr,033-670-2787
106,죽도,양양군,강원도,양양군,현남면,-,07-12,08-25,죽도의 여인 여린모래톱축제,-,-,-,-,-,-,-,www.yangyang.go.kr,033-670-2787
107,인구,양양군,강원도,양양군,현남면,-,07-12,08-25,인구 어울림 축제,-,-,-,-,-,-,-,www.yangyang.go.kr,033-670-2787
108,광진,양양군,강원도,양양군,현남면,광진리,07-12,08-25,-,-,-,-,-,-,-,-,www.yangyang.go.kr,033-670-2787
109,갯마을,양양군,강원도,양양군,현남면,남애리,07-12,08-25,-,-,-,-,-,-,-,-,www.yangyang.go.kr,033-670-2787
110,남애3,양양군,강원도,양양군,현남면,남애리,07-12,08-25,-,-,-,-,-,-,-,-,www.yangyang.go.kr,033-670-2787
111,남애1,양양군,강원도,양양군,현남면,남애1리,07-12,08-25,-,-,-,-,-,-,-,-,www.yangyang.go.kr,033-670-2787
112,원포,양양군,강원도,양양군,현남면,원포리 산85-1,07-12,08-25,-,-,-,-,-,-,-,-,www.yangyang.go.kr,033-670-2787
113,지경,양양군,강원도,양양군,현남면,지경리,07-12,08-25,지경리 해변축제,-,-,-,-,-,-,-,www.yangyang.go.kr,033-670-2787
114,대천,보령시,충청남도,보령시,신흑동,1029-3,06-15,08-18,제22회 보령머드축제(7.19∼7.28),-,-,-,-,-,-,-,http://daecheonbeach.kr/,041-930-6812
115,무창포,보령시,충청남도,보령시,웅천읍,열린바다1길 10,07-13,08-18,제21회 신비의바닷길 축제(예정),-,-,-,-,-,-,-,http://www.moochangpo.com/,041-930-6831
116,왜목,당진시,충청남도,당진시,석문면,왜목길 26,07-06,08-18,왜목 워터파크 운영(7.6~8.18),"왜목 오션페스티벌 진행 (8월중, 미확정)",-,-,-,-,-,-,-,041-350-3592
117,난지,당진시,충청남도,당진시,석문면,난지도리,07-06,08-18,-,-,-,-,-,-,-,-,-,041-350-3592
118,춘장대,서천군,충청남도,서천군,서면,춘장대길 20,07-06,08-18,춘장대해수욕장여름문화예술축제(8.3~8.4),-,-,-,-,-,-,-,www.chunjangdae.or.kr/,041-950-4018
119,만리포,태안군,충청남도,태안군,소원면,모항리,06-01,08-18,개장식(6.1),-,-,-,-,-,-,-,http://taean.go.kr,041-670-2691
120,백사장,태안군,충청남도,태안군,안면읍,창기리,07-06,08-18,-,-,-,-,-,-,-,-,http://taean.go.kr,041-670-2691
121,삼봉,태안군,충청남도,태안군,안면읍,창기리,07-06,08-18,-,-,-,-,-,-,-,-,http://taean.go.kr,041-670-2691
122,기지포,태안군,충청남도,태안군,안면읍,해안관광로 745-19,07-06,08-18,-,-,-,-,-,-,-,-,http://taean.go.kr,041-670-2691
123,안면,태안군,충청남도,태안군,안면읍,-,07-06,08-18,-,-,-,-,-,-,-,-,http://taean.go.kr,041-670-2691
124,밧개,태안군,충청남도,태안군,안면읍,승언리,07-06,08-18,-,-,-,-,-,-,-,-,http://taean.go.kr,041-670-2691
125,방포,태안군,충청남도,태안군,안면읍,방포1길 29-1,07-06,08-18,-,-,-,-,-,-,-,-,http://taean.go.kr,041-670-2691
126,꽂지,태안군,충청남도,태안군,안면읍,승언리,07-06,08-18,-,-,-,-,-,-,-,-,http://taean.go.kr,041-670-2691
127,샛별,태안군,충청남도,태안군,안면읍,샛별길 184-2,07-06,08-18,-,-,-,-,-,-,-,-,http://taean.go.kr,041-670-2691
128,바람아래,태안군,충청남도,태안군,고남면,장곡리,07-06,08-18,-,-,-,-,-,-,-,-,http://taean.go.kr,041-670-2691
129,장삼포,태안군,충청남도,태안군,고남면,장곡리,07-06,08-18,-,-,-,-,-,-,-,-,http://taean.go.kr,041-670-2691
130,몽산포,태안군,충청남도,태안군,남면,몽산포길 65-27,07-06,08-18,-,-,-,-,-,-,-,-,http://taean.go.kr,041-670-2691
131,달산포,태안군,충청남도,태안군,남면,달산리,07-06,08-18,-,-,-,-,-,-,-,-,http://taean.go.kr,041-670-2691
132,청포대,태안군,충청남도,태안군,남면,청포대길 57-6,07-06,08-18,-,-,-,-,-,-,-,-,http://taean.go.kr,041-670-2691
133,마검포,태안군,충청남도,태안군,남면,신온리,07-06,08-18,-,-,-,-,-,-,-,-,http://taean.go.kr,041-670-2691
134,곰섬,태안군,충청남도,태안군,남면,신온리,07-06,08-18,-,-,-,-,-,-,-,-,http://taean.go.kr,041-670-2691
135,연포,태안군,충청남도,태안군,근흥면,도황리,07-06,08-18,-,-,-,-,-,-,-,-,http://taean.go.kr,041-670-2691
136,갈음이,태안군,충청남도,태안군,근흥면,갈음이길 38-30,07-06,08-18,-,-,-,-,-,-,-,-,http://taean.go.kr,041-670-2691
137,파도리,태안군,충청남도,태안군,소원면,모항파도로 490-85,07-06,08-18,-,-,-,-,-,-,-,-,http://taean.go.kr,041-670-2691
138,어은돌,태안군,충청남도,태안군,소원면,모항리,07-06,08-18,-,-,-,-,-,-,-,-,http://taean.go.kr,041-670-2691
139,천리포,태안군,충청남도,태안군,소원면,천리포1길 277-6,07-06,08-18,-,-,-,-,-,-,-,-,http://taean.go.kr,041-670-2691
140,방주골,태안군,충청남도,태안군,소원면,의항리,07-06,08-18,-,-,-,-,-,-,-,-,http://taean.go.kr,041-670-2691
141,의항,태안군,충청남도,태안군,소원면,의항리,07-06,08-18,-,-,-,-,-,-,-,-,http://taean.go.kr,041-670-2691
142,구름포,태안군,충청남도,태안군,소원면,의항리,07-06,08-18,-,-,-,-,-,-,-,-,http://taean.go.kr,041-670-2691
143,신두리,태안군,충청남도,태안군,원북면,신두리,07-06,08-18,제17회 태안모래조각 페스티벌(7.13~7.14),-,-,-,-,-,-,-,http://taean.go.kr,041-670-2691
144,구례포,태안군,충청남도,태안군,원북면,황촌리,07-06,08-18,-,-,-,-,-,-,-,-,http://taean.go.kr,041-670-2691
145,학암포,태안군,충청남도,태안군,원북면,옥파로 1163-27,07-06,08-18,-,-,-,-,-,-,-,-,http://taean.go.kr,041-670-2691
146,꾸지나무골,태안군,충청남도,태안군,이원면,내리,07-06,08-18,-,-,-,-,-,-,-,-,http://taean.go.kr,041-670-2691
147,선유도,군산시,전라북도,군산시,옥도면,선유도리,06-25,08-18,선유도 해수욕장 개장식(6월),선유도 Summer Festival(7월),-,-,-,-,-,-,http://gunsan.go.kr/,063-454-3332
148,구시포 ,고창군,전라북도,고창군,상하면,자룡리,07-12,08-18,-,-,-,-,-,-,-,-,http://gochang.go.kr/,063-560-2646
149,동호 ,고창군,전라북도,고창군,해리면,동호리,07-12,08-18,-,-,-,-,-,-,-,-,http://gochang.go.kr/,063-560-2646
150,변산,부안군,전라북도,부안군,변산면,대항리 567,07-13,08-19,미스비치 페스티벌 (7~8월),한여름밤의 해변 콘서트 (7~8월),-,-,-,-,-,-,-,063-580-4413
151,고사포 ,부안군,전라북도,부안군,변산면,운산리,07-13,08-19,-,-,-,-,-,-,-,-,-,063-580-4413
152,격포,부안군,전라북도,부안군,변산면,격포리,07-13,08-19,청소녁 락 페스티벌 (8월),-,-,-,-,-,-,-,-,063-580-4413
153,모항,부안군,전라북도,부안군,변산면,도청리 203-45,07-13,08-19,모항해변축제 (7.29),항해변작은음악회 (7.29),-,-,-,-,-,-,-,063-580-4413
154,위도,부안군,전라북도,부안군,위도면,진리,07-13,08-19,-,-,-,-,-,-,-,-,-,063-580-4413
155,외달도,목포시,전라남도,목포시,달동,-,07-06,08-18,"해수풀장, 워터슬라이드 운영",-,-,-,-,-,-,-,http://jnbeach.jeonnam.go.kr/,061-270-3513
156,방죽포,여수시,전라남도,여수시,돌산읍,-,07-06,08-18,-,-,-,-,-,-,-,-,http://jnbeach.jeonnam.go.kr/,061-659-3968
157,무술목,여수시,전라남도,여수시,돌산읍,돌산로 2876,07-06,08-18,-,-,-,-,-,-,-,-,http://jnbeach.jeonnam.go.kr/,061-659-3968
158,장등,여수시,전라남도,여수시,화양면,장수리,07-06,08-18,-,-,-,-,-,-,-,-,http://jnbeach.jeonnam.go.kr/,061-659-3968
159,안도,여수시,전라남도,여수시,남면,안도리,07-06,08-18,-,-,-,-,-,-,-,-,http://jnbeach.jeonnam.go.kr/,061-659-3968
160,거문도,여수시,전라남도,여수시,삼산면,덕촌리 322,07-06,08-18,-,-,-,-,-,-,-,-,http://jnbeach.jeonnam.go.kr/,061-659-3968
161,만성리,여수시,전라남도,여수시,만흥동,-,07-06,08-18,-,-,-,-,-,-,-,-,http://jnbeach.jeonnam.go.kr/,061-659-3968
162,모사금,여수시,전라남도,여수시,오천동,-,07-06,08-18,-,-,-,-,-,-,-,-,http://jnbeach.jeonnam.go.kr/,061-659-3968
163,웅천,여수시,전라남도,여수시,웅천동,1692,07-06,08-18,해양레저스포츠체험프로그램7종목(5.2~9.30) ,-,-,-,-,-,-,-,http://jnbeach.jeonnam.go.kr/,061-659-3968
164,남열해돋이,고흥군,전라남도,고흥군,영남면,남열리,07-12,08-19,-,-,-,-,-,-,-,-,http://jnbeach.jeonnam.go.kr/,061-830-5697
165,대전,고흥군,전라남도,고흥군,두원면,-,07-12,08-19,-,-,-,-,-,-,-,-,http://jnbeach.jeonnam.go.kr/,061-830-5697
166,익금,고흥군,전라남도,고흥군,금산면,어전리,07-12,08-19,-,-,-,-,-,-,-,-,http://jnbeach.jeonnam.go.kr/,061-830-5697
167,나로우주,고흥군,전라남도,고흥군,봉래면,신금리,07-12,08-19,-,-,-,-,-,-,-,-,http://jnbeach.jeonnam.go.kr/,061-830-5697
168,발포,고흥군,전라남도,고흥군,도화면,발포리,07-12,08-19,-,-,-,-,-,-,-,-,http://jnbeach.jeonnam.go.kr/,061-830-5697
169,덕흥,고흥군,전라남도,고흥군,동일면,덕흥리,07-12,08-19,-,-,-,-,-,-,-,-,http://jnbeach.jeonnam.go.kr/,061-830-5697
170,용동,고흥군,전라남도,고흥군,도덕면,용동리,07-12,08-19,-,-,-,-,-,-,-,-,http://jnbeach.jeonnam.go.kr/,061-830-5697
171,풍류,고흥군,전라남도,고흥군,두원면,풍류리,07-12,08-19,-,-,-,-,-,-,-,-,http://jnbeach.jeonnam.go.kr/,061-830-5697
172,염포,고흥군,전라남도,고흥군,봉래면,외초리,07-12,08-19,-,-,-,-,-,-,-,-,http://jnbeach.jeonnam.go.kr/,061-830-5697
173,연소,고흥군,전라남도,고흥군,금산면,어전리,07-12,08-19,-,-,-,-,-,-,-,-,http://jnbeach.jeonnam.go.kr/,061-830-5697
174,금장,고흥군,전라남도,고흥군,금산면,어전리,07-12,08-19,-,-,-,-,-,-,-,-,http://jnbeach.jeonnam.go.kr/,061-830-5697
175,율포솔밭,보성군,전라남도,보성군,회천면,우암길 24,07-05,08-18,야간 영화상영(20회),전국 비치발리볼대회(8.3~8.4),"주말공연 프로그램 (버스킹, 락 페스티벌 등)","수상레저기구(카약, 패들보트 등) 무료체험교실 운영",활어잡기 체험(매주 토요일5.4~9.7),-,-,-,http://jnbeach.jeonnam.go.kr/,061-850-5448
176,수문,장흥군,전라남도,장흥군,안양면,수문리,07-12,08-11,피서객 해상안전교육(주2회 실시),철인3종경기(7.14),-,-,-,-,-,-,http://jnbeach.jeonnam.go.kr/,061-860-0419
177,송호,해남군,전라남도,해남군,송지면,송호리,07-12,08-15,해수욕장 개장 용왕제 (7.12),푸른음악회 (8.2예정),-,-,-,-,-,-,http://jnbeach.jeonnam.go.kr/,061-530-5229
178,사구미,해남군,전라남도,해남군,송지면,통호리,07-12,08-15,해수욕장 개장 용왕제 (7.19),-,-,-,-,-,-,-,http://jnbeach.jeonnam.go.kr/,061-530-5229
179,홀통,무안군,전라남도,무안군,현경면,오류리,07-13,08-18,-,-,-,-,-,-,-,-,http://jnbeach.jeonnam.go.kr/,061-450-5627
180,톱머리,무안군,전라남도,무안군,망운면,피서리,07-13,08-18,-,-,-,-,-,-,-,-,http://jnbeach.jeonnam.go.kr/,061-450-5627
181,돌머리,함평군,전라남도,함평군,합평읍,석성리 523,07-19,08-18,해수욕장 개장식(7.19),전국 비치발리볼대회(7.20~7.21),-,-,-,-,-,-,http://jnbeach.jeonnam.go.kr/,061-324-5455
182,가마미,영광군,전라남도,영광군,홍농읍,가마미로 341-6,07-12,08-18,해변가요제(8월중),-,-,-,-,-,-,-,http://jnbeach.jeonnam.go.kr/,061-356-1020
183,송이도,영광군,전라남도,영광군,낙월면,-,07-02,08-11,-,-,-,-,-,-,-,-,http://jnbeach.jeonnam.go.kr/,061-352-3444
184,신지명사십리,완도군,전라남도,완도군,신지면,신리,07-08,08-25,해수욕장 개장행사 (7.8),인명구조 시범훈련 (7.8),"해양치유COOL콘서트 (7.27, 8.3)",-,-,-,-,-,http://jnbeach.jeonnam.go.kr/,061-550-5426
185,금일명사십리,완도군,전라남도,완도군,금일읍 ,월송리,07-19,08-18,-,-,-,-,-,-,-,-,http://jnbeach.jeonnam.go.kr/,061-550-6192
186,동고,완도군,전라남도,완도군,신지면,신지로 1259-1,07-19,08-18,-,-,-,-,-,-,-,-,http://jnbeach.jeonnam.go.kr/,061-550-6362
187,가사,완도군,전라남도,완도군,약산면,가사길,07-19,08-18,-,-,-,-,-,-,-,-,http://jnbeach.jeonnam.go.kr/,061-550-6455
188,지리,완도군,전라남도,완도군,청산면,지리,07-19,08-18,-,-,-,-,-,-,-,-,http://jnbeach.jeonnam.go.kr/,061-550-6493
189,신흥,완도군,전라남도,완도군,청산면,신흥리,07-19,08-18,-,-,-,-,-,-,-,-,http://jnbeach.jeonnam.go.kr/,061-550-6493
190,예송,완도군,전라남도,완도군,보길면,예송리,07-19,08-18,-,-,-,-,-,-,-,-,http://jnbeach.jeonnam.go.kr/,061-550-6625
191,중리,완도군,전라남도,완도군,보길면,중통리,07-19,08-18,-,-,-,-,-,-,-,-,http://jnbeach.jeonnam.go.kr/,061-550-6625
192,통리,완도군,전라남도,완도군,보길면,중통리,07-19,08-18,-,-,-,-,-,-,-,-,http://jnbeach.jeonnam.go.kr/,061-550-6625
193,금곡,완도군,전라남도,완도군,생일면,생일로 1228,07-19,08-18,-,-,-,-,-,-,-,-,http://jnbeach.jeonnam.go.kr/,061-550-6672
194,가계,진도군,전라남도,진도군,고군면,금계리 153,07-13,08-19,해변가요제(7월말),-,-,-,-,-,-,-,http://jnbeach.jeonnam.go.kr/,061-540-6605
195,금갑,진도군,전라남도,진도군,의신면,금갑리,07-13,08-19,-,-,-,-,-,-,-,-,http://jnbeach.jeonnam.go.kr/,061-540-6654
196,신전,진도군,전라남도,진도군,조도면,신육리,07-13,08-19,해변가요제 및 체육대회(8.14~8.15),-,-,-,-,-,-,-,http://jnbeach.jeonnam.go.kr/,061-540-6804
197,관매도,진도군,전라남도,진도군,조도면,관매도리,07-13,08-19,-,-,-,-,-,-,-,-,http://jnbeach.jeonnam.go.kr/,061-540-6804
198,우전,신안군,전라남도,신안군,증도면,우전리,07-13,08-15,"섬 갯벌올림픽축제 (캠핑축제, 갯벌체험,해양레저활동 등(7.26~8.4))",슬로시티 보물찾기 호핑(hopping) 투어(4월~10월),-,-,-,-,-,-,http://jnbeach.jeonnam.go.kr/,061-240-3524
199,대광,신안군,전라남도,신안군,임자면,대광해수용장길 179,07-13,08-15,-,-,-,-,-,-,-,-,http://jnbeach.jeonnam.go.kr/,061-240-4039
200,백길,신안군,전라남도,신안군,자은면,유각리,07-13,08-15,-,-,-,-,-,-,-,-,http://jnbeach.jeonnam.go.kr/,061-240-3585
201,분계,신안군,전라남도,신안군,자은면,백산리,07-13,08-15,-,-,-,-,-,-,-,-,http://jnbeach.jeonnam.go.kr/,061-240-3585
202,원평,신안군,전라남도,신안군,비금면,신원리,07-13,08-15,-,-,-,-,-,-,-,-,http://jnbeach.jeonnam.go.kr/,061-240-3727
203,하트,신안군,전라남도,신안군,비금면,-,07-13,08-15,-,-,-,-,-,-,-,-,http://jnbeach.jeonnam.go.kr/,061-240-3727
204,추포,신안군,전라남도,신안군,암태면,추엽길 58-59,07-13,08-15,-,-,-,-,-,-,-,-,http://jnbeach.jeonnam.go.kr/,061-240-3963
205,시목,신안군,전라남도,신안군,도초면,오류리,07-13,08-15,-,-,-,-,-,-,-,-,http://jnbeach.jeonnam.go.kr/,061-240-3752
206,돈목,신안군,전라남도,신안군,도초면,돈목길 33-1,07-13,08-15,-,-,-,-,-,-,-,-,http://jnbeach.jeonnam.go.kr/,061-240-8615
207,짱뚱어,신안군,전라남도,신안군,증도면,우전리,07-13,08-15,"섬 갯벌올림픽축제 (캠핑축제, 갯벌체험,해양레저활동 등(7.26~8.4))",슬로시티 보물찾기 호핑(hopping) 투어(4월~10월),-,-,-,-,-,-,http://jnbeach.jeonnam.go.kr/,061-240-3524
208,신도,신안군,전라남도,신안군,하의면,신도리,07-13,08-15,-,-,-,-,-,-,-,-,http://jnbeach.jeonnam.go.kr/,061-240-3814
209,영일대,포항시,경상북도,포항시 북구,두호동,685-1,07-06,08-18,영일대 샌드페스티벌 (6.29~7.8),벤토나이트 페스티벌 및 포항해변 전국가요제 (7월 중),대한민국 국제 해양 레저위크 (7~8월),-,-,-,-,-,http://phtour.ipohang.org,054-270-2844
210,칠포,포항시,경상북도,포항시 북구,홍해읍,-,07-06,08-18,-,-,-,-,-,-,-,-,http://phtour.ipohang.org,054-270-2844
211,월포,포항시,경상북도,포항시 북구,청하면,해안로 2394번길,07-06,08-18,월포 락페스티벌(8월 중),면민노래자랑대회 (개장기간 중),전통 후릿그물 체험행사 (개장기간 및 이후),-,-,-,-,-,http://phtour.ipohang.org,054-270-2844
212,화진,포항시,경상북도,포항시 북구,송라면,-,07-06,08-18,조개잡이 체험 및 가요제 (7월 말 ~ 8월 초),-,-,-,-,-,-,-,http://phtour.ipohang.org,054-270-2844
213,구룡포,포항시,경상북도,포항시 남구,구룡포읍,-,07-06,08-18,오징어 맨손잡기 체험 및 해변가요제 (7월 말),-,-,-,-,-,-,-,http://phtour.ipohang.org,054-270-2844
214,도구,포항시,경상북도,포항시 남구,동해면,도구리 729-17,07-06,08-18,-,-,-,-,-,-,-,-,http://phtour.ipohang.org,054-270-2844
215,오류고아라,경주시,경상북도,경주시,감포읍,-,07-12,08-18,-,-,-,-,-,-,-,-,http://www.gyeongju.go.kr,054-779-6325
216,전촌솔밭,경주시,경상북도,경주시,감포읍,동해안로 2006-2,07-12,08-18,-,-,-,-,-,-,-,-,http://www.gyeongju.go.kr,054-779-6325
217,나정고운모래,경주시,경상북도,경주시,감포읍,동해안로 1915,07-12,08-18,-,-,-,-,-,-,-,-,http://www.gyeongju.go.kr,054-779-6325
218,봉길대왕암,경주시,경상북도,경주시,양북면,봉길해안길,07-12,08-18,-,-,-,-,-,-,-,-,http://www.gyeongju.go.kr,054-779-6325
219,관성솔밭,경주시,경상북도,경주시,양남면,수렴리,07-12,08-18,해변가요제 (8.3),-,-,-,-,-,-,-,http://www.gyeongju.go.kr,054-779-6325
220,고래불,영덕군,경상북도,영덕군,병곡면,병곡리,7.12(예정),8.18(예정),제15회 로하스 해변 전국마라톤 대회 (7.7),영덕군수배 전국 고래불 비취사커 대회 (7월말~8월초 예정),여름바다체험행사 (7월말~8월초 예정),-,-,-,-,-,http://tour.yd.go.kr/,054-730-6575
221,대진,영덕군,경상북도,영덕군,영해면,대진리,7.13(예정),8.19(예정),여름바다체험행사 (7월말~8월초 예정),TBC 썸머뮤직페스티벌(7.27),-,-,-,-,-,-,http://tour.yd.go.kr/,054-730-6575
222,장사,영덕군,경상북도,영덕군,남정면,장사리,7.14(예정),8.20(예정),-,-,-,-,-,-,-,-,http://tour.yd.go.kr/,054-730-6575
223,남호,영덕군,경상북도,영덕군,남정면,남호리,7.15(예정),8.21(예정),-,-,-,-,-,-,-,-,http://tour.yd.go.kr/,054-730-6575
224,하저,영덕군,경상북도,영덕군,강구면,하저리,7.16(예정),8.22(예정),-,-,-,-,-,-,-,-,http://tour.yd.go.kr/,054-730-6575
225,오보,영덕군,경상북도,영덕군,영덕읍,오보리,7.17(예정),8.23(예정),-,-,-,-,-,-,-,-,http://tour.yd.go.kr/,054-730-6575
226,경정,영덕군,경상북도,영덕군,축산면,경정리,7.18(예정),8.24(예정),-,-,-,-,-,-,-,-,http://tour.yd.go.kr/,054-730-6575
227,나곡,울진군,경상북도,울진군,북면,나곡리,07-12,08-18,-,-,-,-,-,-,-,-,www.uljinnews.co.kr,054-789-6263
228,후정,울진군,경상북도,울진군,죽변면,후정리,07-12,08-18,-,-,-,-,-,-,-,-,www.uljinnews.co.kr,054-789-6263
229,봉평,울진군,경상북도,울진군,죽전면,봉평리,07-12,08-18,-,-,-,-,-,-,-,-,www.uljinnews.co.kr,054-789-6263
230,망양정,울진군,경상북도,울진군,근남면,산포리,07-12,08-18,-,-,-,-,-,-,-,-,www.uljinnews.co.kr,054-789-6263
231,기성망양,울진군,경상북도,울진군,기성면,망양리,07-12,08-18,-,-,-,-,-,-,-,-,www.uljinnews.co.kr,054-789-6263
232,구산,울진군,경상북도,울진군,기성면,구산리,07-12,08-18,-,-,-,-,-,-,-,-,www.uljinnews.co.kr,054-789-6263
233,후포,울진군,경상북도,울진군,후포면,삼율리,07-12,08-18,제13회 후포 전국 비치사커 대회(7.27~7.29 예정),-,-,-,-,-,-,-,www.uljinnews.co.kr,054-789-6263
234,광암장,창원시,경상남도,창원시 마산합포구,진동면,요장리,07-06,08-18,광암해수욕장 개장행사 (7.6),물놀이 시설 운영 (7. 6.~8. 11.),체험프로그램 운영 (7.6.~8. 18.),주말문화행사 운영,-,-,-,-,-,055-225-6865
235,남일대,사천시,경상남도,사천시,향촌동,모례2길 11-19,07-06,08-18,남일대 해변축제(8.3~8.4),-,-,-,-,-,-,-,http://toursacheon.net/index.php?mid=board_NIDy21&document_srl=2011,055-831-3136
236,수륙,통영시,경상남도,통영시,산양읍,영운리,7.06(예정),8.18(예정),-,-,-,-,-,-,-,-,-,055-650-0522
237,비진도,통영시,경상남도,통영시,한산면,비진리,7.07(예정),8.19(예정),-,-,-,-,-,-,-,-,-,055-650-0522
238,사량대항,통영시,경상남도,통영시,사량면,금평리,7.08(예정),8.20(예정),-,-,-,-,-,-,-,-,-,055-650-0522
239,구조라,거제시,경상남도,거제시,일운면,구조라리 500-1,07-06,08-25,바다로세계로 (8월초),-,-,-,-,-,-,-,http://tour.geoje.go.kr/index.geoje,055-639-4244
240,와현,거제시,경상남도,거제시,일운면,-,07-06,08-25,바다로세계로 (8월초),-,-,-,-,-,-,-,http://tour.geoje.go.kr/index.geoje,055-639-4244
241,학동흑진주몽돌해변,거제시,경상남도,거제시,동부면,학동리,07-06,08-25,바다로세계로 (8월초),-,-,-,-,-,-,-,http://tour.geoje.go.kr/index.geoje,055-639-4783
242,망치해변,거제시,경상남도,거제시,일운면,망치리,07-06,08-25,-,-,-,-,-,-,-,-,http://tour.geoje.go.kr/index.geoje,055-639-4244
243,덕원,거제시,경상남도,거제시,동부면,가배리,07-13,08-25,-,-,-,-,-,-,-,-,http://tour.geoje.go.kr/index.geoje,055-639-4244
244,명사,거제시,경상남도,거제시,남부면,저구리,07-06,08-25,명사바다영화제 (8월초),-,-,-,-,-,-,-,http://tour.geoje.go.kr/index.geoje,055-639-4244
245,함목,거제시,경상남도,거제시,남부면,갈곶리,07-13,08-25,-,-,-,-,-,-,-,-,http://tour.geoje.go.kr/index.geoje,055-639-4244
246,여차,거제시,경상남도,거제시,남부면,다포리,07-13,08-25,-,-,-,-,-,-,-,-,http://tour.geoje.go.kr/index.geoje,055-639-4244
247,사곡,거제시,경상남도,거제시,사등면,사곡리 757-1,07-13,08-25,-,-,-,-,-,-,-,-,http://tour.geoje.go.kr/index.geoje,055-639-4244
248,물안,거제시,경상남도,거제시,하청면,어온리 산16-3,07-13,08-25,-,-,-,-,-,-,-,-,http://tour.geoje.go.kr/index.geoje,055-639-4244
249,옥계,거제시,경상남도,거제시,하청면,연구리,07-13,08-25,-,-,-,-,-,-,-,-,http://tour.geoje.go.kr/index.geoje,055-639-4244
250,흥남,거제시,경상남도,거제시,장목면,시방리,07-13,08-25,-,-,-,-,-,-,-,-,http://tour.geoje.go.kr/index.geoje,055-639-4244
251,농소,거제시,경상남도,거제시,장목면,농소리 51-18,07-13,08-25,-,-,-,-,-,-,-,-,http://tour.geoje.go.kr/index.geoje,055-639-4244
252,황포,거제시,경상남도,거제시,장목면,구영리,07-13,08-25,-,-,-,-,-,-,-,-,http://tour.geoje.go.kr/index.geoje,055-639-4244
253,구영,거제시,경상남도,거제시,장목면,구영리,07-13,08-25,-,-,-,-,-,-,-,-,http://tour.geoje.go.kr/index.geoje,055-639-4244
254,덕포,거제시,경상남도,거제시,옥포2동,덕포리,07-13,08-25,-,-,-,-,-,-,-,-,http://tour.geoje.go.kr/index.geoje,055-639-4244
255,상주은모래비치,남해군,경상남도,남해군,상주면,상주로 10-3,7.05(예정),8.18(예정),상주 썸머 페스티벌 (8.2~8.4),-,-,-,-,-,-,-,http://tour.namhae.go.kr,055-860-3374
256,송정솔바람해변,남해군,경상남도,남해군,미조면,송정리,7.12(예정),8.19(예정),송정 보물섬 가요제 (8월 첫째 또는 둘째 주말),-,-,-,-,-,-,-,http://tour.namhae.go.kr,055-860-3374
257,사촌,남해군,경상남도,남해군,남면,임포리,7.13(예정),8.20(예정),-,-,-,-,-,-,-,-,http://tour.namhae.go.kr,055-860-3374
258,두곡·월포,남해군,경상남도,남해군,남면,석교리,7.14(예정),8.21(예정),-,-,-,-,-,-,-,-,http://tour.namhae.go.kr,055-860-3374
259,설리,남해군,경상남도,남해군,미조면,송정리,7.15(예정),8.22(예정),-,-,-,-,-,-,-,-,http://tour.namhae.go.kr,055-860-3374
260,협재,제주시,제주특별자치도,제주시,한림읍,협재리 2497-1,06-24,08-31,-,-,-,-,-,-,-,-,-,064-728-3394
261,금능,제주시,제주특별자치도,제주시,한림읍,-,06-24,08-31,금능원담축제 (8월중),-,-,-,-,-,-,-,-,064-728-3394
262,곽지,제주시,제주특별자치도,제주시,애월읍,곽지리,06-22,08-31,브로콜리축제 (8월중),-,-,-,-,-,-,-,-,064-728-3394
263,김녕,제주시,제주특별자치도,제주시,구좌읍,김녕리,07-01,08-31,김녕성세기축제 (8월중),-,-,-,-,-,-,-,-,064-728-3394
264,함덕,제주시,제주특별자치도,제주시,조천읍,함덕리 1008,06-22,08-31,함덕뮤직워크 축제 (7~8월),-,-,-,-,-,-,-,-,064-728-3394
265,삼양,제주시,제주특별자치도,제주시,삼양동,-,07-01,08-31,검은모래축제 (7월중),-,-,-,-,-,-,-,-,064-728-3394
266,이호테우,제주시,제주특별자치도,제주시,이호동,도리로20,06-21,08-31,이호테우축제 (7월중),-,-,-,-,-,-,-,-,064-728-3394
267,신양섭지,서귀포시,제주특별자치도,서귀포시,성산읍,섭지코지로 107,07-01,08-31,-,-,-,-,-,-,-,-,-,064-760-2773
268,화순금모래,서귀포시,제주특별자치도,서귀포시,안덕면,화순리 776-8,07-01,08-31,-,-,-,-,-,-,-,-,-,064-760-2773
269,중문색달,서귀포시,제주특별자치도,서귀포시,색달동,3039,07-01,08-31,-,-,-,-,-,-,-,-,-,064-760-2773
270,표선,서귀포시,제주특별자치도,서귀포시,표선면,표선리,07-01,08-31,서귀포 야해(夜海)페스티벌 (8월중),-,-,-,-,-,-,-,-,064-760-2773
